{
  "val_norm_mae": 0.17434735596179962,
  "val_norm_mse": 0.05884367227554321,
  "val_norm_rmse": 0.24257715046405792,
  "val_norm_mape": 0.976791262626648,
  "val_norm_r2": 0.9416707754135132,
  "test_norm_mae": 0.17174598574638367,
  "test_norm_mse": 0.05597393214702606,
  "test_norm_rmse": 0.23658810555934906,
  "test_norm_mape": 0.9865475296974182,
  "test_norm_r2": 0.9437892436981201,
  "best_epoch": 20,
  "final_gap": -0.01749901008370973
}