{
  "val_norm_mae": 0.16361103951931,
  "val_norm_mse": 0.05338267609477043,
  "val_norm_rmse": 0.2310469150543213,
  "val_norm_mape": 1.0258482694625854,
  "val_norm_r2": 0.9460964798927307,
  "test_norm_mae": 0.16086339950561523,
  "test_norm_mse": 0.05147794261574745,
  "test_norm_rmse": 0.226887509226799,
  "test_norm_mape": 0.9149239659309387,
  "test_norm_r2": 0.9467484951019287,
  "best_epoch": 20,
  "final_gap": -0.020917093349734774
}